{"cameraMode":{"drawMode":0,"name":"Shaded","section":"Shading Mode"},"sceneLighting":false,"audioPlay":false,"sceneViewState":{"m_AlwaysRefresh":false,"showFog":true,"showSkybox":false,"showFlares":true,"showImageEffects":true,"showParticleSystems":true,"showVisualEffectGraphs":true,"m_FxEnabled":true},"in2DMode":false,"pivot":{"x":1.532447338104248,"y":0.8751101493835449,"z":-2.2603960037231447},"rotation":{"x":0.02217862382531166,"y":-0.7654183506965637,"z":0.026417609304189683,"w":0.6426100730895996},"size":7.704000473022461,"orthographic":true}