{"cameraMode":{"drawMode":0,"name":"Shaded","section":"Shading Mode"},"sceneLighting":false,"audioPlay":false,"sceneViewState":{"m_AlwaysRefresh":false,"showFog":true,"showSkybox":false,"showFlares":true,"showImageEffects":true,"showParticleSystems":true,"showVisualEffectGraphs":true,"m_FxEnabled":true},"in2DMode":false,"pivot":{"x":2.545799493789673,"y":1.2813559770584107,"z":-0.045916080474853519},"rotation":{"x":0.3325068950653076,"y":-0.01414580550044775,"z":0.0049879965372383598,"w":0.942982017993927},"size":6.150264263153076,"orthographic":true}