{"cameraMode":{"drawMode":0,"name":"Shaded","section":"Shading Mode"},"sceneLighting":true,"audioPlay":false,"sceneViewState":{"showFog":true,"showMaterialUpdate":false,"showSkybox":true,"showFlares":true,"showImageEffects":true,"showParticleSystems":true},"in2DMode":false,"pivot":{"x":1.532447338104248,"y":0.8751101493835449,"z":-2.2603960037231447},"rotation":{"x":-0.07892818748950958,"y":0.8982848525047302,"z":-0.18051132559776307,"w":-0.39277344942092898},"size":43.41405487060547,"orthographic":false}